--
-- PostgreSQL database dump
--

\restrict 7YmvRBFkOqPJbAxMTPI6bwXg0pODBwq3ikpaeSH53buZjWNV7zchJ1Qm09GgFgB

-- Dumped from database version 17.6
-- Dumped by pg_dump version 17.6

SET statement_timeout = 0;
SET lock_timeout = 0;
SET idle_in_transaction_session_timeout = 0;
SET transaction_timeout = 0;
SET client_encoding = 'UTF8';
SET standard_conforming_strings = on;
SELECT pg_catalog.set_config('search_path', '', false);
SET check_function_bodies = false;
SET xmloption = content;
SET client_min_messages = warning;
SET row_security = off;

SET default_tablespace = '';

SET default_table_access_method = heap;

--
-- Name: databasechangelog; Type: TABLE; Schema: public; Owner: t51DB_user
--

CREATE TABLE public.databasechangelog (
    id character varying(255) NOT NULL,
    author character varying(255) NOT NULL,
    filename character varying(255) NOT NULL,
    dateexecuted timestamp without time zone NOT NULL,
    orderexecuted integer NOT NULL,
    exectype character varying(10) NOT NULL,
    md5sum character varying(35),
    description character varying(255),
    comments character varying(255),
    tag character varying(255),
    liquibase character varying(20),
    contexts character varying(255),
    labels character varying(255),
    deployment_id character varying(10)
);


ALTER TABLE public.databasechangelog OWNER TO "t51DB_user";

--
-- Name: databasechangeloglock; Type: TABLE; Schema: public; Owner: t51DB_user
--

CREATE TABLE public.databasechangeloglock (
    id integer NOT NULL,
    locked boolean NOT NULL,
    lockgranted timestamp without time zone,
    lockedby character varying(255)
);


ALTER TABLE public.databasechangeloglock OWNER TO "t51DB_user";

--
-- Name: product_images; Type: TABLE; Schema: public; Owner: t51DB_user
--

CREATE TABLE public.product_images (
    id integer NOT NULL,
    id_product integer NOT NULL,
    created_at timestamp(6) without time zone NOT NULL,
    deleted_at timestamp(6) without time zone,
    type character varying(32),
    name character varying(64),
    image bytea NOT NULL
);


ALTER TABLE public.product_images OWNER TO "t51DB_user";

--
-- Name: product_images_id_seq; Type: SEQUENCE; Schema: public; Owner: t51DB_user
--

ALTER TABLE public.product_images ALTER COLUMN id ADD GENERATED BY DEFAULT AS IDENTITY (
    SEQUENCE NAME public.product_images_id_seq
    START WITH 1
    INCREMENT BY 1
    NO MINVALUE
    NO MAXVALUE
    CACHE 1
);


--
-- Name: products; Type: TABLE; Schema: public; Owner: t51DB_user
--

CREATE TABLE public.products (
    amount integer NOT NULL,
    created_at date,
    deleted_at date,
    id integer NOT NULL,
    id_owner integer,
    price real NOT NULL,
    name character varying(70) NOT NULL,
    description character varying(256),
    CONSTRAINT products_amount_check CHECK (((amount >= 0) AND (amount <= 100000))),
    CONSTRAINT products_price_check CHECK (((price >= (10)::double precision) AND (price <= (100000)::double precision)))
);


ALTER TABLE public.products OWNER TO "t51DB_user";

--
-- Name: products_id_seq; Type: SEQUENCE; Schema: public; Owner: t51DB_user
--

ALTER TABLE public.products ALTER COLUMN id ADD GENERATED BY DEFAULT AS IDENTITY (
    SEQUENCE NAME public.products_id_seq
    START WITH 1
    INCREMENT BY 1
    NO MINVALUE
    NO MAXVALUE
    CACHE 1
);


--
-- Name: roles; Type: TABLE; Schema: public; Owner: t51DB_user
--

CREATE TABLE public.roles (
    id integer NOT NULL,
    authority character varying(20)
);


ALTER TABLE public.roles OWNER TO "t51DB_user";

--
-- Name: roles_id_seq; Type: SEQUENCE; Schema: public; Owner: t51DB_user
--

ALTER TABLE public.roles ALTER COLUMN id ADD GENERATED BY DEFAULT AS IDENTITY (
    SEQUENCE NAME public.roles_id_seq
    START WITH 1
    INCREMENT BY 1
    NO MINVALUE
    NO MAXVALUE
    CACHE 1
);


--
-- Name: users; Type: TABLE; Schema: public; Owner: t51DB_user
--

CREATE TABLE public.users (
    id integer NOT NULL,
    picture_id integer,
    created_at timestamp(6) without time zone,
    deleted_at timestamp(6) without time zone,
    updated_at timestamp(6) without time zone,
    username character varying(16) NOT NULL,
    email character varying(255) NOT NULL,
    password character varying(255) NOT NULL
);


ALTER TABLE public.users OWNER TO "t51DB_user";

--
-- Name: users_id_seq; Type: SEQUENCE; Schema: public; Owner: t51DB_user
--

ALTER TABLE public.users ALTER COLUMN id ADD GENERATED BY DEFAULT AS IDENTITY (
    SEQUENCE NAME public.users_id_seq
    START WITH 1
    INCREMENT BY 1
    NO MINVALUE
    NO MAXVALUE
    CACHE 1
);


--
-- Name: users_picture; Type: TABLE; Schema: public; Owner: t51DB_user
--

CREATE TABLE public.users_picture (
    id integer NOT NULL,
    id_user integer,
    created_at timestamp(6) without time zone NOT NULL,
    deleted_at timestamp(6) without time zone,
    type character varying(32) NOT NULL,
    file bytea NOT NULL
);


ALTER TABLE public.users_picture OWNER TO "t51DB_user";

--
-- Name: users_picture_id_seq; Type: SEQUENCE; Schema: public; Owner: t51DB_user
--

ALTER TABLE public.users_picture ALTER COLUMN id ADD GENERATED BY DEFAULT AS IDENTITY (
    SEQUENCE NAME public.users_picture_id_seq
    START WITH 1
    INCREMENT BY 1
    NO MINVALUE
    NO MAXVALUE
    CACHE 1
);


--
-- Name: users_roles; Type: TABLE; Schema: public; Owner: t51DB_user
--

CREATE TABLE public.users_roles (
    role_id integer NOT NULL,
    user_id integer NOT NULL
);


ALTER TABLE public.users_roles OWNER TO "t51DB_user";

--
-- Data for Name: databasechangelog; Type: TABLE DATA; Schema: public; Owner: t51DB_user
--

COPY public.databasechangelog (id, author, filename, dateexecuted, orderexecuted, exectype, md5sum, description, comments, tag, liquibase, contexts, labels, deployment_id) FROM stdin;
v01_03	Mario	changelogs/01-users.changelog.xml	2026-03-31 22:32:27.687827	1	EXECUTED	9:7973164df3b4d810efa85b0b23ac640c	sqlFile path=migrations/v01/v01_03_create_table_roles_deploy.sql		\N	4.33.0	\N	\N	4996330342
v01_04	Mario	changelogs/01-users.changelog.xml	2026-03-31 22:32:27.884732	2	EXECUTED	9:10cdc22febf61334383ddc725bc89722	sqlFile path=migrations/v01/v01_04_create_table_users_deploy.sql		\N	4.33.0	\N	\N	4996330342
v01_05	Mario	changelogs/01-users.changelog.xml	2026-03-31 22:32:27.952124	3	EXECUTED	9:c213945ee94d83eedc914e397d61d194	sqlFile path=migrations/v01/v01_05_create_table_users_picture_deploy.sql		\N	4.33.0	\N	\N	4996330342
v01_06	Mario	changelogs/01-users.changelog.xml	2026-03-31 22:32:27.985965	4	EXECUTED	9:c2eebea080419822c76a87e5de8a0120	sqlFile path=migrations/v01/v01_06_create_table_users_roles_deploy.sql		\N	4.33.0	\N	\N	4996330342
v01_09	Mario	changelogs/01-users.changelog.xml	2026-03-31 22:32:28.030371	5	EXECUTED	9:e139e4a53b6adedb79e0fb6d31099808	sqlFile path=migrations/v01/v01_09_create_foreign_key_an_user_picture_has_an_owner_deploy.sql		\N	4.33.0	\N	\N	4996330342
v01_10	Mario	changelogs/01-users.changelog.xml	2026-03-31 22:32:28.073117	6	EXECUTED	9:c99433aede50c4ab1ebc27788b515a65	sqlFile path=migrations/v01/v01_10_create_foreign_key_users_roles_many_to_many_deploy.sql		\N	4.33.0	\N	\N	4996330342
v01_12	Mario	changelogs/01-users.changelog.xml	2026-03-31 22:32:28.13879	7	EXECUTED	9:ecfbf21ef5180b9b8c43be83c56abad6	sqlFile path=migrations/v01/v01_12_insert_admin_users_deploy.sql		\N	4.33.0	\N	\N	4996330342
v01_13	Mario	changelogs/01-users.changelog.xml	2026-03-31 22:32:28.238	8	EXECUTED	9:09f1bdbdaf905901cb93bb72c0dc47f2	sqlFile path=migrations/v01/v01_13_insert_test_users_deploy.sql		\N	4.33.0	\N	\N	4996330342
v01_02	Mario	changelogs/02-products.changelog.xml	2026-03-31 22:32:28.284147	9	EXECUTED	9:d1b0d0f994bd7272a0e82e488a600512	sqlFile path=migrations/v01/v01_02_create_table_products_deploy.sql		\N	4.33.0	\N	\N	4996330342
v01_01	Mario	changelogs/02-products.changelog.xml	2026-03-31 22:32:28.360419	10	EXECUTED	9:6e2743e4e6db1fe222d1441c0a95e3f6	sqlFile path=migrations/v01/v01_01_create_table_product_images_deploy.sql		\N	4.33.0	\N	\N	4996330342
v01_07	Mario	changelogs/02-products.changelog.xml	2026-03-31 22:32:28.392751	11	EXECUTED	9:83e5c57168da5dca17ec5f85be892ea6	sqlFile path=migrations/v01/v01_07_create_foreign_key_an_product_has_many_images_deploy.sql		\N	4.33.0	\N	\N	4996330342
v01_08	Mario	changelogs/02-products.changelog.xml	2026-03-31 22:32:28.427117	12	EXECUTED	9:ed505c4effe9f42461768cdaf1c3e35a	sqlFile path=migrations/v01/v01_08_create_foreign_key_a_product_has_an_owner_deploy.sql		\N	4.33.0	\N	\N	4996330342
v01_14	Mario	changelogs/02-products.changelog.xml	2026-03-31 22:32:28.558569	13	EXECUTED	9:2f8b89cd20d539274a129ce76778ea5d	sqlFile path=migrations/v01/v01_14_insert_test_products_deploy.sql		2	4.33.0	\N	\N	4996330342
\.


--
-- Data for Name: databasechangeloglock; Type: TABLE DATA; Schema: public; Owner: t51DB_user
--

COPY public.databasechangeloglock (id, locked, lockgranted, lockedby) FROM stdin;
1	f	\N	\N
\.


--
-- Data for Name: product_images; Type: TABLE DATA; Schema: public; Owner: t51DB_user
--

COPY public.product_images (id, id_product, created_at, deleted_at, type, name, image) FROM stdin;
1	1	2024-01-11 09:57:00	\N	image/png	image1.png	\\x78daeb0cf073e7e592e2626060e0f5f4700902d20240ccc9c10624adb5d6180129c6e22077278675e7645e02392ce98ebe8e0c0c1bfbb9ff24b28254167844163330f01d026146510daf06a0a0bea78b63884670724a54cdfffffbffcfe159c224b66c3b4ffd3f4e6383898b25591c66393670fa0431b8f14a54304b483084b473afab17b588006a65f074f57359e794d004002a1b2662
2	1	2024-01-22 09:57:00	\N	image/png	image2.png	\\x78daeb0cf073e7e592e2626060e0f5f4700902d20240ccc9c10624adb5d6180129c6e22077278675e7645e02392ce98ebe8e0c0c1bfbb9ff24b28254167844163330f01d026146510daf06a0a0b2a78b638846707248d4c39ff31b27cf6c8c39e0d2992690d07429a5399099ed1e031b1bc3ff50269b3b967edf81ca193c5dfd5cd639253401007fc024c8
3	1	2024-02-25 09:57:00	\N	image/png	image3.png	\\x78daeb0cf073e7e592e2626060e0f5f4700902d20240ccc9c10624adb5d6180129c6e22077278675e7645e02392ce98ebe8e0c0c1bfbb9ff24b28254167844163330f01d0161c6a9da7cd24041194f17c7108de0e43fff3b1fda33b336707a4de675e39560633330606038769499e9f251dd4d40750c9eae7e2eeb9c129a001ea61f25
4	1	2024-03-10 09:57:00	\N	image/png	image4.png	\\x78daeb0cf073e7e592e2626060e0f5f4700902d20240ccc9c10624adb5d6180129c6e22077278675e7645e02392ce98ebe8e0c0c1bfbb9ff24b28254167844163330f01d026146510daf06a0a08ca78b63884670724a42c20ffe2329cc6a1abe6612a6091212070e3030446e6614d42fd74d06aa63f074f57359e794d0040003f91e1a
5	2	2024-04-10 09:57:00	\N	image/png	image5.png	\\x78daeb0cf073e7e592e2626060e0f5f4700902d20240ccc9c10624adb5d6180129c6e22077278675e7645e02392ce98ebe8e0c0c1bfbb9ff24b28254167844163330f01d026146510daf06a0a0b2a78b638846707248d4c39ff31b27cf6c8c39e0d2992690d07429a5399099ed1e031b1bc3ff50269b3b967edf81ca193c5dfd5cd639253401007fc024c8
6	2	2024-05-12 09:57:00	\N	image/png	image6.png	\\x78daeb0cf073e7e592e2626060e0f5f4700902d20240ccc9c10624adb5d6180129c6e22077278675e7645e02392ce98ebe8e0c0c1bfbb9ff24b28254167844163330f01d026146510daf06a0a0bea78b63884670724a54cdfffffbffcfe159c224b66c3b4ffd3f4e6383898b25591c66393670fa0431b8f14a54304b483084b473afab17b588006a65f074f57359e794d004002a1b2662
7	3	2024-01-10 09:57:00	2024-03-22 09:57:00	image/png	image7.png	\\x78daeb0cf073e7e592e2626060e0f5f4700902d20240ccc9c10624adb5d6180129c6e22077278675e7645e02392ce98ebe8e0c0c1bfbb9ff24b28254167844163330f01d026146510daf06a0a0bea78b63884670724a54cdfffffbffcfe159c224b66c3b4ffd3f4e6383898b25591c66393670fa0431b8f14a54304b483084b473afab17b588006a65f074f57359e794d004002a1b2662
\.


--
-- Data for Name: products; Type: TABLE DATA; Schema: public; Owner: t51DB_user
--

COPY public.products (amount, created_at, deleted_at, id, id_owner, price, name, description) FROM stdin;
50	2024-01-10	\N	1	\N	11.99	Ceramic Mug	A stylish ceramic mug for your favorite beverages.
30	2024-01-11	\N	2	\N	15.5	Stainless Steel Water Bottle	Keep your drinks cold or hot with this durable water bottle.
20	2024-01-12	\N	3	\N	29.99	Bluetooth Speaker	Portable speaker with excellent sound quality.
40	2024-01-13	\N	4	\N	24.99	Yoga Mat	Eco-friendly yoga mat for your fitness routine.
15	2024-01-14	\N	5	\N	19.99	Desk Organizer	Keep your workspace tidy with this desk organizer.
25	2024-01-15	\N	6	\N	49.99	Wireless Earbuds	Experience true wireless freedom with these earbuds.
100	2024-01-16	\N	7	\N	39.99	Backpack	Spacious and stylish backpack for everyday use.
35	2024-01-17	\N	8	\N	34.99	LED Desk Lamp	Brighten your workspace with this adjustable desk lamp.
60	2024-01-18	\N	9	\N	12.5	Notebooks Set	A set of colorful notebooks for school or office use.
15	2024-01-19	\N	10	\N	19.99	Cooking Utensils Set	Essential kitchen tools for every home chef.
71	2024-01-20	\N	11	\N	25	Wall Art Print	Beautiful art print to decorate your space.
22	2024-01-21	\N	12	\N	29.99	Portable Charger	Never run out of battery with this portable charger.
40	2024-01-22	\N	13	\N	49.99	Fitness Tracker	Monitor your health and fitness with this tracker.
60	2024-01-23	\N	14	\N	89.99	Coffee Maker	Brew your perfect cup of coffee every morning.
18	2024-01-24	\N	15	\N	14.99	Smartphone Stand	Adjustable stand for your smartphone or tablet.
10	2024-01-25	\N	16	\N	34.99	Pet Bed	Cozy bed for your furry friend.
12	2024-01-26	\N	17	\N	16.99	Potted Plant	Bring life to your home with this lovely potted plant.
25	2024-01-27	\N	18	\N	19.99	Travel Pillow	Comfortable pillow for your travels.
35	2024-01-28	\N	19	\N	39.99	Skincare Set	Complete set for glowing skin.
15	2024-01-29	\N	20	\N	29.99	Board Game	Fun board game for family and friends.
15	2024-03-21	2024-03-22	21	\N	70.5	Game 2	for fun and more.
\.


--
-- Data for Name: roles; Type: TABLE DATA; Schema: public; Owner: t51DB_user
--

COPY public.roles (id, authority) FROM stdin;
-53	ROLE_registered
-55	ROLE_admin_users
-56	ROLE_admin_products
-57	ROLE_admin_sells
\.


--
-- Data for Name: users; Type: TABLE DATA; Schema: public; Owner: t51DB_user
--

COPY public.users (id, picture_id, created_at, deleted_at, updated_at, username, email, password) FROM stdin;
-100	\N	2025-12-21 22:32:28.087146	\N	\N	mario1	mario1@email.com	$2a$10$zyEAgLnFSxOzlww/V7DlNeWShEAwLp.fOo3Ds25nCrS5XyElb55Xm
-99	\N	2025-12-22 22:32:28.087146	\N	\N	mario2	mario2@email.com	$2a$10$gSr8onLyPPNGe029IdJMPOD9lkv9q6kCfIcieOX4gSJ6rYIpW1rJi
-98	\N	2025-12-23 22:32:28.087146	\N	\N	mario3	mario3@email.com	$2a$10$GF3mC0z3T6MkjAUoOxk04uwyvht0L457q71/lUM3f0F1tgxm.UNIS
1	\N	2026-03-30 22:32:28.152678	\N	2026-03-31 19:32:28.152678	john	john_doe@email.com	$2a$10$GF3mC0z3T6MkjAUoOxk04uwyvht0L457q71/lUM3f0F1tgxm.UNIS
2	\N	2026-03-29 22:32:28.152678	\N	\N	jane	jane_smith@email.com	$2a$10$GF3mC0z3T6MkjAUoOxk04uwyvht0L457q71/lUM3f0F1tgxm.UNIS
3	\N	2026-03-28 22:32:28.152678	\N	\N	lucas	lucas_wilson@email.com	$2a$10$GF3mC0z3T6MkjAUoOxk04uwyvht0L457q71/lUM3f0F1tgxm.UNIS
4	\N	2026-03-27 22:32:28.152678	\N	\N	emily	emily_jones@email.com	$2a$10$GF3mC0z3T6MkjAUoOxk04uwyvht0L457q71/lUM3f0F1tgxm.UNIS
5	\N	2026-03-26 22:32:28.152678	\N	\N	david	david_brown@email.com	$2a$10$GF3mC0z3T6MkjAUoOxk04uwyvht0L457q71/lUM3f0F1tgxm.UNIS
6	\N	2026-03-25 22:32:28.152678	\N	\N	susan	susan_clark@email.com	$2a$10$GF3mC0z3T6MkjAUoOxk04uwyvht0L457q71/lUM3f0F1tgxm.UNIS
7	\N	2026-03-24 22:32:28.152678	\N	\N	michael	michael_lee@email.com	$2a$10$GF3mC0z3T6MkjAUoOxk04uwyvht0L457q71/lUM3f0F1tgxm.UNIS
8	\N	2026-03-23 22:32:28.152678	\N	\N	lily	lily_martin@email.com	$2a$10$GF3mC0z3T6MkjAUoOxk04uwyvht0L457q71/lUM3f0F1tgxm.UNIS
9	\N	2026-03-22 22:32:28.152678	\N	\N	alex	alex_taylor@email.com	$2a$10$GF3mC0z3T6MkjAUoOxk04uwyvht0L457q71/lUM3f0F1tgxm.UNIS
10	\N	2026-03-31 22:32:28.152678	\N	\N	emily3	emily3@email.com	$2a$10$GF3mC0z3T6MkjAUoOxk04uwyvht0L457q71/lUM3f0F1tgxm.UNIS
11	\N	2026-03-30 22:22:28.152678	\N	\N	mike4	mike4@email.com	$2a$10$GF3mC0z3T6MkjAUoOxk04uwyvht0L457q71/lUM3f0F1tgxm.UNIS
12	\N	2026-03-29 22:12:28.152678	\N	\N	anna5	anna5@email.com	$2a$10$GF3mC0z3T6MkjAUoOxk04uwyvht0L457q71/lUM3f0F1tgxm.UNIS
13	\N	2026-03-28 22:02:28.152678	\N	\N	paul6	paul6@email.com	$2a$10$GF3mC0z3T6MkjAUoOxk04uwyvht0L457q71/lUM3f0F1tgxm.UNIS
14	\N	2026-03-27 21:52:28.152678	\N	\N	zoe7	zoe7@email.com	$2a$10$GF3mC0z3T6MkjAUoOxk04uwyvht0L457q71/lUM3f0F1tgxm.UNIS
15	\N	2026-03-26 21:42:28.152678	\N	\N	john8	john8@email.com	$2a$10$GF3mC0z3T6MkjAUoOxk04uwyvht0L457q71/lUM3f0F1tgxm.UNIS
16	\N	2026-03-25 21:32:28.152678	\N	\N	lucy9	lucy9@email.com	$2a$10$GF3mC0z3T6MkjAUoOxk04uwyvht0L457q71/lUM3f0F1tgxm.UNIS
17	\N	2026-03-24 21:22:28.152678	\N	\N	tom10	tom10@email.com	$2a$10$GF3mC0z3T6MkjAUoOxk04uwyvht0L457q71/lUM3f0F1tgxm.UNIS
18	\N	2026-03-23 21:12:28.152678	\N	\N	sara11	sara11@email.com	$2a$10$GF3mC0z3T6MkjAUoOxk04uwyvht0L457q71/lUM3f0F1tgxm.UNIS
19	\N	2026-03-22 21:02:28.152678	\N	\N	mark12	mark12@email.com	$2a$10$GF3mC0z3T6MkjAUoOxk04uwyvht0L457q71/lUM3f0F1tgxm.UNIS
\.


--
-- Data for Name: users_picture; Type: TABLE DATA; Schema: public; Owner: t51DB_user
--

COPY public.users_picture (id, id_user, created_at, deleted_at, type, file) FROM stdin;
1	1	2024-01-11 09:57:00	\N	image1.png	\\x78daeb0cf073e7e592e2626060e0f5f4700902d20240ccc9c10624adb5d6180129c6e22077278675e7645e02392ce98ebe8e0c0c1bfbb9ff24b28254167844163330f01d026146510daf06a0a0bea78b63884670724a54cdfffffbffcfe159c224b66c3b4ffd3f4e6383898b25591c66393670fa0431b8f14a54304b483084b473afab17b588006a65f074f57359e794d004002a1b2662
\.


--
-- Data for Name: users_roles; Type: TABLE DATA; Schema: public; Owner: t51DB_user
--

COPY public.users_roles (role_id, user_id) FROM stdin;
-55	-100
-56	-100
-56	-99
-57	-98
\.


--
-- Name: product_images_id_seq; Type: SEQUENCE SET; Schema: public; Owner: t51DB_user
--

SELECT pg_catalog.setval('public.product_images_id_seq', 30, true);


--
-- Name: products_id_seq; Type: SEQUENCE SET; Schema: public; Owner: t51DB_user
--

SELECT pg_catalog.setval('public.products_id_seq', 30, true);


--
-- Name: roles_id_seq; Type: SEQUENCE SET; Schema: public; Owner: t51DB_user
--

SELECT pg_catalog.setval('public.roles_id_seq', 1, false);


--
-- Name: users_id_seq; Type: SEQUENCE SET; Schema: public; Owner: t51DB_user
--

SELECT pg_catalog.setval('public.users_id_seq', 20, true);


--
-- Name: users_picture_id_seq; Type: SEQUENCE SET; Schema: public; Owner: t51DB_user
--

SELECT pg_catalog.setval('public.users_picture_id_seq', 100, true);


--
-- Name: databasechangeloglock databasechangeloglock_pkey; Type: CONSTRAINT; Schema: public; Owner: t51DB_user
--

ALTER TABLE ONLY public.databasechangeloglock
    ADD CONSTRAINT databasechangeloglock_pkey PRIMARY KEY (id);


--
-- Name: product_images product_images_pkey; Type: CONSTRAINT; Schema: public; Owner: t51DB_user
--

ALTER TABLE ONLY public.product_images
    ADD CONSTRAINT product_images_pkey PRIMARY KEY (id);


--
-- Name: products products_name_key; Type: CONSTRAINT; Schema: public; Owner: t51DB_user
--

ALTER TABLE ONLY public.products
    ADD CONSTRAINT products_name_key UNIQUE (name);


--
-- Name: products products_pkey; Type: CONSTRAINT; Schema: public; Owner: t51DB_user
--

ALTER TABLE ONLY public.products
    ADD CONSTRAINT products_pkey PRIMARY KEY (id);


--
-- Name: roles roles_authority_key; Type: CONSTRAINT; Schema: public; Owner: t51DB_user
--

ALTER TABLE ONLY public.roles
    ADD CONSTRAINT roles_authority_key UNIQUE (authority);


--
-- Name: roles roles_pkey; Type: CONSTRAINT; Schema: public; Owner: t51DB_user
--

ALTER TABLE ONLY public.roles
    ADD CONSTRAINT roles_pkey PRIMARY KEY (id);


--
-- Name: users users_email_key; Type: CONSTRAINT; Schema: public; Owner: t51DB_user
--

ALTER TABLE ONLY public.users
    ADD CONSTRAINT users_email_key UNIQUE (email);


--
-- Name: users users_picture_id_key; Type: CONSTRAINT; Schema: public; Owner: t51DB_user
--

ALTER TABLE ONLY public.users
    ADD CONSTRAINT users_picture_id_key UNIQUE (picture_id);


--
-- Name: users_picture users_picture_pkey; Type: CONSTRAINT; Schema: public; Owner: t51DB_user
--

ALTER TABLE ONLY public.users_picture
    ADD CONSTRAINT users_picture_pkey PRIMARY KEY (id);


--
-- Name: users users_pkey; Type: CONSTRAINT; Schema: public; Owner: t51DB_user
--

ALTER TABLE ONLY public.users
    ADD CONSTRAINT users_pkey PRIMARY KEY (id);


--
-- Name: users_roles users_roles_user_id_role_id_key; Type: CONSTRAINT; Schema: public; Owner: t51DB_user
--

ALTER TABLE ONLY public.users_roles
    ADD CONSTRAINT users_roles_user_id_role_id_key UNIQUE (user_id, role_id);


--
-- Name: users users_username_key; Type: CONSTRAINT; Schema: public; Owner: t51DB_user
--

ALTER TABLE ONLY public.users
    ADD CONSTRAINT users_username_key UNIQUE (username);


--
-- Name: products a_product_has_an_owner; Type: FK CONSTRAINT; Schema: public; Owner: t51DB_user
--

ALTER TABLE ONLY public.products
    ADD CONSTRAINT a_product_has_an_owner FOREIGN KEY (id_owner) REFERENCES public.users(id);


--
-- Name: users_roles a_role_has_a_owner; Type: FK CONSTRAINT; Schema: public; Owner: t51DB_user
--

ALTER TABLE ONLY public.users_roles
    ADD CONSTRAINT a_role_has_a_owner FOREIGN KEY (role_id) REFERENCES public.roles(id);


--
-- Name: users_roles a_user_has_a_role; Type: FK CONSTRAINT; Schema: public; Owner: t51DB_user
--

ALTER TABLE ONLY public.users_roles
    ADD CONSTRAINT a_user_has_a_role FOREIGN KEY (user_id) REFERENCES public.users(id);


--
-- Name: product_images an_product_has_many_images; Type: FK CONSTRAINT; Schema: public; Owner: t51DB_user
--

ALTER TABLE ONLY public.product_images
    ADD CONSTRAINT an_product_has_many_images FOREIGN KEY (id_product) REFERENCES public.products(id);


--
-- Name: users an_user_picture_has_an_owner; Type: FK CONSTRAINT; Schema: public; Owner: t51DB_user
--

ALTER TABLE ONLY public.users
    ADD CONSTRAINT an_user_picture_has_an_owner FOREIGN KEY (picture_id) REFERENCES public.users_picture(id);


--
-- PostgreSQL database dump complete
--

\unrestrict 7YmvRBFkOqPJbAxMTPI6bwXg0pODBwq3ikpaeSH53buZjWNV7zchJ1Qm09GgFgB

